0, 7.54834
1, 627.746
2, 1968.5
3, 433.069
4, 1396.45
5, 2186.27
6, 1282.22
7, 2191.54
8, 2202.64
9, 407.697
10, 1044.17
11, 2119.54
12, 2437.84
13, 1243.78
14, 1258.18
15, 2724.05
16, 3003
17, 3313.45
18, 3355.7
19, 2525.89
20, 2407.9
21, 2222.22
22, 2499.38
23, 1769.29
24, 4589.26
25, 2007.23
26, 2342.47
27, 2271.69
28, 3588.09
29, 2750.28
30, 2861.23
31, 2866.97
32, 3330
33, 1835.2
34, 1875.12
35, 2257.85
36, 2701.24
37, 2365.18
38, 2488.8
39, 1880.41
40, 2569.37
41, 2066.54
42, 2408.48
43, 2942.91
44, 1369.49
45, 1828.49
46, 2341.92
47, 1428.98
48, 2896.03
49, 3065.6
50, 1846.72
51, 2047.08
52, 2426.6
53, 2604.85
54, 3711.95
55, 3568.88
56, 4111.84
57, 2732.99
58, 1791.15
59, 1827.15
60, 4486.32
61, 2092.05
62, 2886
63, 2485.71
64, 2639.92
65, 4076.64
66, 4293.69
67, 2582.64
68, 2999.4
69, 1555.94
70, 2059.73
71, 3314.55
72, 2198.77
73, 1910.58
74, 2562.79
75, 3567.61
76, 3193.87
77, 3517.41
78, 3617.95
79, 3303.6
80, 1030.29
81, 2833.66
82, 3192.85
83, 1849.8
84, 1560.55
85, 1621.01
86, 2757.86
87, 2577.32
88, 2524.61
89, 2266.55
90, 3019.32
91, 2822.47
92, 1620.75
93, 2552.97
94, 2085.07
95, 2480.77
96, 2449.18
97, 2424.83
98, 2509.41
99, 2895.19
100, 3543.59
101, 3227.89
102, 2630.19
103, 2141.79
104, 2390.63
105, 1592.1
106, 2658.16
107, 2800.34
108, 2783.19
109, 2244.17
110, 1768.35
111, 2320.19
112, 2467.92
113, 3110.42
114, 2977.96
115, 1675.04
116, 2706.36
117, 2575.33
118, 1650.98
119, 2221.24
120, 2450.98
121, 1949.7
122, 2135.84
123, 2433.68
124, 3745.32
125, 2206.53
126, 1308.9
127, 2137.21
128, 3607.5
129, 2926.54
130, 2059.31
131, 4868.55
132, 2570.03
133, 2258.36
134, 2450.98
135, 2903.6
136, 3224.77
137, 3015.68
138, 3481.89
139, 3150.6
140, 1516.99
141, 2567.39
142, 2641.31
143, 3385.24
144, 2191.54
145, 2980.63
146, 2835.27
147, 3372.68
148, 1859.77
149, 2579.31
150, 2411.38
151, 2256.32
152, 2355.16
153, 1941.37
154, 1881.47
155, 3500.18
156, 2955.08
157, 3010.23
158, 2750.28
159, 2326.66
160, 2865.33
161, 2297.79
162, 1551.35
163, 2329.92
164, 2307.87
165, 1546.55
166, 2130.83
167, 1562.01
168, 1978.63
169, 2250.73
170, 3174.6
171, 2663.12
172, 2698.33
173, 3143.67
174, 1766.78
175, 2688.89
176, 1927.15
177, 3217.5
178, 3384.09
179, 2025.11
180, 2601.46
181, 3301.42
182, 3117.21
183, 3083.56
184, 3095.02
185, 2181.5
186, 2462.45
187, 1667.78
188, 2780.87
189, 2441.41
190, 2540.01
191, 1996.01
192, 2824.86
193, 2826.46
194, 2971.77
195, 3177.63
196, 2704.9
197, 2629.5
198, 1880.76
199, 1905.12
200, 3707.82
201, 1548.23
202, 2114.16
203, 2339.73
204, 2317.5
205, 2529.08
206, 1871.26
207, 1673.08
208, 2721.09
209, 1498.35
210, 2178.17
211, 4814.64
212, 2000.8
213, 2724.05
214, 2929.12
215, 2988.64
216, 4249.89
217, 2977.96
218, 4277.16
219, 2262.96
220, 2472.19
221, 1191.04
222, 2991.33
223, 2047.92
224, 2452.18
225, 2948.98
226, 2598.08
227, 3348.96
228, 2611.65
229, 2480.77
230, 1774.94
231, 3346.72
232, 3900.16
233, 2057.19
234, 2717.39
235, 2862.05
236, 2581.31
237, 2628.12
238, 2744.24
239, 4000
240, 2610.28
241, 1309.59
242, 2273.76
243, 1884.3
244, 2334.27
245, 1763.98
246, 1631.06
247, 1834.53
248, 2324.5
249, 2604.85
250, 3245.7
251, 3254.15
252, 2546.47
253, 1996.01
254, 1788.59
255, 3293.81
256, 1910.58
257, 1397.04
258, 2862.87
259, 3611.41
260, 4235.49
261, 3615.33
262, 2016.94
263, 2358.49
264, 1719.1
265, 3316.75
266, 3528.58
267, 2174.86
268, 2873.56
269, 3290.56
270, 2424.24
271, 2701.24
272, 3177.63
273, 3244.65
274, 1660.3
275, 2836.07
276, 3683.24
277, 2270.15
278, 2952.47
279, 2501.88
280, 2793.3
281, 2970.89
282, 1908.4
283, 2422.48
284, 1406.67
285, 2174.39
286, 1530.92
287, 2640.61
288, 2644.1
289, 2996.7
290, 2077.71
291, 1960.4
292, 2911.21
293, 2966.48
294, 2651.11
295, 2615.75
296, 2767.78
297, 3132.83
298, 1872.66
299, 1828.15
300, 4086.64
301, 2154.24
302, 3250.98
303, 3210.27
304, 3467.41
305, 3252.03
306, 4321.52
307, 2458.21
308, 4118.62
309, 2143.16
310, 2388.34
311, 1651.25
312, 3022.06
313, 2543.88
314, 2191.54
315, 2570.03
316, 3152.59
317, 2844.14
318, 3173.6
319, 2857.14
320, 1164.28
321, 4137.36
322, 2660.28
323, 1556.18
324, 2242.66
325, 1638.54
326, 2827.25
327, 2728.51
328, 2727.77
329, 2676.66
330, 2154.71
331, 2801.91
332, 2773.16
333, 2066.97
334, 2251.75
335, 1747.03
336, 2096
337, 4518.75
338, 2336.99
339, 2411.96
340, 2442.6
341, 3787.88
342, 3453.04
343, 3664.35
344, 3317.85
345, 3954.13
346, 2780.87
347, 1784.44
348, 3239.39
349, 2539.36
350, 2865.33
351, 2683.12
352, 3193.87
353, 3121.1
354, 3015.68
355, 2977.96
356, 1632.65
357, 2768.55
358, 2054.65
359, 2296.74
360, 2702.7
361, 2545.18
362, 2179.12
363, 2267.06
364, 2135.84
365, 2446.18
366, 2732.24
367, 2440.21
368, 1418.64
369, 2644.1
370, 1618.91
371, 2148.23
372, 2452.18
373, 2325.58
374, 2875.22
375, 2336.99
376, 3341.13
377, 2467.31
378, 2712.23
379, 1363.88
380, 3396.74
381, 2828.05
382, 2748.01
383, 2159.83
384, 2538.07
385, 3025.72
386, 3856.54
387, 3111.39
388, 2685.28
389, 2999.4
390, 1646.09
391, 3137.75
392, 3355.7
393, 2709.29
394, 2190.1
395, 2644.8
396, 3132.83
397, 2849
398, 2866.97
399, 3547.36
400, 1953.89
401, 2442
402, 1820.17
403, 2284.67
404, 2304.68
405, 2289.9
406, 1712.62
407, 1963.48
408, 1800.83
409, 2262.96
410, 2805.84
411, 3396.74
412, 2862.05
413, 2749.52
414, 1713.21
415, 2777.78
416, 2103.49
417, 2617.12
418, 4478.28
419, 2333.18
420, 2693.24
421, 3076.92
422, 3146.63
423, 2901.07
424, 2606.88
425, 2545.82
426, 1519.06
427, 3288.39
428, 2346.32
429, 2084.2
430, 2327.75
431, 3491.62
432, 3343.36
433, 3388.68
434, 3368.14
435, 2662.41
436, 1762.43
437, 2693.97
438, 2278.42
439, 3086.42
440, 2347.42
441, 3205.13
442, 2866.97
443, 2572.02
444, 3092.15
445, 2379.25
446, 2886.84
447, 2516.99
448, 1256.91
449, 4448.4
450, 2402.69
451, 1548.23
452, 2604.17
453, 3215.43
454, 1451.17
455, 2428.36
456, 3074.09
457, 3402.52
458, 3455.43
459, 3472.22
460, 3418.8
461, 2594.71
462, 1527.88
463, 2265.01
464, 3132.83
465, 2690.34
466, 2473.41
467, 2438.43
468, 2852.25
469, 4016.06
470, 3170.58
471, 3046.92
472, 1711.45
473, 2551.02
474, 1697.22
475, 3598.42
476, 3074.09
477, 2254.28
478, 2634.35
479, 3379.52
480, 2751.03
481, 2690.34
482, 2604.17
483, 3257.33
484, 1714.97
485, 2558.85
486, 1975.5
487, 3972.98
488, 3723.01
489, 2226.68
490, 2151.46
491, 2297.79
492, 1681.24
493, 1733.7
494, 2566.74
495, 2873.56
496, 2818.49
497, 2663.83
498, 1775.25
499, 2730.75
500, 2379.82
