time, vx, vy
0, 6.29657e-21, 9.20412e-20
1, 1.27998e-20, 1.89614e-19
2, 1.97477e-20, 3.00412e-19
3, 2.74653e-20, 4.38871e-19
4, 3.65319e-20, 6.42435e-19
5, 4.87895e-20, 1.07822e-18
6, 1.46948e-19, 1.06828e-17
7, 1.5862e-19, 1.06726e-17
8, 1.73272e-19, 1.06653e-17
9, 1.92299e-19, 1.06546e-17
10, 2.18225e-19, 1.06364e-17
11, 2.56028e-19, 1.0602e-17
12, 3.1726e-19, 1.05235e-17
13, 4.34392e-19, 1.02209e-17
14, 8.03059e-17, 7.23285e-16
15, 7.99653e-17, 7.23005e-16
16, 7.98784e-17, 7.22969e-16
17, 7.98229e-17, 7.22968e-16
18, 7.97737e-17, 7.22982e-16
19, 7.97217e-17, 7.23005e-16
20, 7.96595e-17, 7.23037e-16
21, 7.95756e-17, 7.2308e-16
22, 7.94409e-17, 7.23144e-16
23, 7.91342e-17, 7.23265e-16
24, 7.54304e-17, 7.24419e-16
25, 7.54887e-17, 7.2445e-16
26, 7.55274e-17, 7.24507e-16
27, 7.55787e-17, 7.24597e-16
28, 7.56721e-17, 7.24768e-16
29, 7.5991e-17, 7.25362e-16
30, 7.44799e-17, 7.22526e-16
31, 7.47804e-17, 7.23087e-16
32, 7.48645e-17, 7.2324e-16
33, 7.49079e-17, 7.23314e-16
34, 7.49359e-17, 7.23357e-16
35, 7.49563e-17, 7.23383e-16
36, 7.49728e-17, 7.23397e-16
37, 7.49875e-17, 7.23403e-16
38, 7.5002e-17, 7.234e-16
39, 7.50177e-17, 7.23389e-16
40, 7.50368e-17, 7.23367e-16
41, 7.50628e-17, 7.23331e-16
42, 7.51027e-17, 7.23272e-16
43, 7.51761e-17, 7.2316e-16
44, 7.53741e-17, 7.22867e-16
45, 8.17885e-17, 7.13662e-16
46, 8.17654e-17, 7.13676e-16
47, 8.17422e-17, 7.13686e-16
48, 8.17167e-17, 7.13694e-16
49, 8.16883e-17, 7.13701e-16
50, 8.16561e-17, 7.13706e-16
51, 8.16195e-17, 7.13711e-16
52, 8.15772e-17, 7.13713e-16
53, 8.15275e-17, 7.13714e-16
54, 8.14678e-17, 7.13712e-16
55, 8.13939e-17, 7.13706e-16
56, 8.12979e-17, 7.13694e-16
57, 8.11634e-17, 7.13673e-16
58, 8.09456e-17, 7.13633e-16
59, 8.0423e-17, 7.13541e-16
60, -5.43685e-16, 6.29857e-16
61, -5.44242e-16, 6.29258e-16
62, -5.43517e-16, 6.30215e-16
63, -5.43315e-16, 6.30583e-16
64, -5.43208e-16, 6.30916e-16
65, -5.43187e-16, 6.31403e-16
66, -5.44724e-16, 6.34758e-16
67, -5.43794e-16, 6.35815e-16
68, -5.44072e-16, 6.35469e-16
69, -5.44125e-16, 6.35403e-16
70, -5.44145e-16, 6.35378e-16
71, -5.44155e-16, 6.35367e-16
72, -5.44161e-16, 6.35363e-16
73, -5.44164e-16, 6.35362e-16
74, -5.44165e-16, 6.35363e-16
75, -5.44166e-16, 6.35366e-16
76, -5.44166e-16, 6.35369e-16
77, -5.44165e-16, 6.35374e-16
78, -5.44165e-16, 6.35378e-16
79, -5.44164e-16, 6.35383e-16
80, -5.44163e-16, 6.35389e-16
81, -5.44162e-16, 6.35394e-16
82, -5.44162e-16, 6.354e-16
83, -5.44161e-16, 6.35405e-16
84, -5.44161e-16, 6.35411e-16
85, -5.4416e-16, 6.35417e-16
86, -5.4416e-16, 6.35423e-16
87, -5.44161e-16, 6.35429e-16
88, -5.44162e-16, 6.35435e-16
89, -5.44164e-16, 6.3544e-16
90, -5.44166e-16, 6.35446e-16
91, -5.44169e-16, 6.35451e-16
92, -5.44174e-16, 6.35456e-16
93, -5.4418e-16, 6.3546e-16
94, -5.44189e-16, 6.35464e-16
95, -5.442e-16, 6.35467e-16
96, -5.44215e-16, 6.35469e-16
97, -5.44236e-16, 6.3547e-16
98, -5.44266e-16, 6.35467e-16
99, -5.44311e-16, 6.35461e-16
100, -5.44384e-16, 6.35445e-16
101, -5.44526e-16, 6.35409e-16
102, -5.4496e-16, 6.35285e-16
103, -3.67724e-16, 6.82129e-16
104, -3.67703e-16, 6.82141e-16
105, -3.67681e-16, 6.82154e-16
106, -3.67657e-16, 6.82168e-16
107, -3.67631e-16, 6.82182e-16
108, -3.67603e-16, 6.82196e-16
109, -3.67572e-16, 6.82211e-16
110, -3.67538e-16, 6.82226e-16
111, -3.67499e-16, 6.82242e-16
112, -3.67455e-16, 6.82259e-16
113, -3.67405e-16, 6.82276e-16
114, -3.67344e-16, 6.82294e-16
115, -3.67271e-16, 6.82313e-16
116, -3.67178e-16, 6.82333e-16
117, -3.67051e-16, 6.82353e-16
118, -3.66861e-16, 6.82375e-16
119, -3.66515e-16, 6.82399e-16
120, -3.65402e-16, 6.82438e-16
121, -3.83099e-16, 6.85782e-16
122, -3.82918e-16, 6.85866e-16
123, -3.82876e-16, 6.85912e-16
124, -3.82856e-16, 6.85954e-16
125, -3.82844e-16, 6.85999e-16
126, -3.82835e-16, 6.86049e-16
127, -3.82828e-16, 6.86106e-16
128, -3.82824e-16, 6.86175e-16
129, -3.82821e-16, 6.86264e-16
130, -3.82823e-16, 6.86388e-16
131, -3.82836e-16, 6.86599e-16
132, -3.82905e-16, 6.87223e-16
133, -3.82066e-16, 6.81509e-16
134, -3.82056e-16, 6.81612e-16
135, -3.82038e-16, 6.81689e-16
136, -3.82017e-16, 6.81788e-16
137, -3.81997e-16, 6.81948e-16
138, -3.82008e-16, 6.82355e-16
139, -3.95268e-16, 7.42329e-16
140, -3.94949e-16, 7.42341e-16
141, -3.90342e-16, 7.42392e-16
142, -3.90372e-16, 7.424e-16
143, -3.9038e-16, 7.42408e-16
144, -3.90385e-16, 7.42417e-16
145, -3.90389e-16, 7.42426e-16
146, -3.90392e-16, 7.42436e-16
147, -3.90396e-16, 7.42446e-16
148, -3.90399e-16, 7.42456e-16
149, -3.90402e-16, 7.42468e-16
150, -3.90406e-16, 7.4248e-16
151, -3.90409e-16, 7.42492e-16
152, -3.90413e-16, 7.42506e-16
153, -3.90417e-16, 7.42522e-16
154, -3.90421e-16, 7.42538e-16
155, -3.90425e-16, 7.42557e-16
156, -3.9043e-16, 7.42578e-16
157, -3.90435e-16, 7.42602e-16
158, -3.90439e-16, 7.42629e-16
159, -3.90444e-16, 7.42662e-16
160, -3.90449e-16, 7.42702e-16
161, -3.90453e-16, 7.42754e-16
162, -3.90455e-16, 7.42825e-16
163, -3.90452e-16, 7.42935e-16
164, -3.90433e-16, 7.43149e-16
165, -3.90292e-16, 7.44056e-16
166, -3.90464e-16, 7.43242e-16
167, -3.90529e-16, 7.43062e-16
168, -3.90587e-16, 7.42979e-16
169, -3.90652e-16, 7.42932e-16
170, -3.9074e-16, 7.42906e-16
171, -3.90885e-16, 7.42897e-16
172, -3.91235e-16, 7.42923e-16
173, -4.00257e-16, 7.44081e-16
174, -4.0025e-16, 7.44065e-16
175, -4.00249e-16, 7.44053e-16
176, -4.00249e-16, 7.44042e-16
177, -4.00249e-16, 7.44032e-16
178, -4.00249e-16, 7.44024e-16
179, -4.00248e-16, 7.44017e-16
180, -4.00248e-16, 7.4401e-16
181, -4.00247e-16, 7.44004e-16
182, -4.00247e-16, 7.43999e-16
183, -4.00246e-16, 7.43993e-16
184, -4.00245e-16, 7.43989e-16
185, -4.00244e-16, 7.43985e-16
186, -4.00244e-16, 7.4398e-16
187, -4.00243e-16, 7.43977e-16
188, -4.00242e-16, 7.43973e-16
189, -4.0024e-16, 7.4397e-16
190, -4.00239e-16, 7.43966e-16
191, -4.00238e-16, 7.43963e-16
192, -4.00237e-16, 7.4396e-16
193, -4.00235e-16, 7.43957e-16
194, -4.00234e-16, 7.43955e-16
195, -4.00232e-16, 7.43952e-16
196, -4.00231e-16, 7.43949e-16
197, -4.00229e-16, 7.43946e-16
198, -4.00228e-16, 7.43944e-16
199, -4.00226e-16, 7.43941e-16
200, -4.00224e-16, 7.43938e-16
201, -4.00222e-16, 7.43936e-16
202, -4.0022e-16, 7.43933e-16
203, -4.00218e-16, 7.4393e-16
204, -4.00216e-16, 7.43928e-16
205, -4.00214e-16, 7.43925e-16
206, -4.00212e-16, 7.43922e-16
207, -4.00209e-16, 7.43919e-16
208, -4.00206e-16, 7.43916e-16
209, -4.00204e-16, 7.43912e-16
210, -4.00201e-16, 7.43909e-16
211, -4.00198e-16, 7.43905e-16
212, -4.00194e-16, 7.43901e-16
213, -4.00191e-16, 7.43897e-16
214, -4.00187e-16, 7.43893e-16
215, -4.00182e-16, 7.43889e-16
216, -4.00178e-16, 7.43884e-16
217, -4.00172e-16, 7.43878e-16
218, -4.00167e-16, 7.43872e-16
219, -4.0016e-16, 7.43866e-16
220, -4.00153e-16, 7.43859e-16
221, -4.00144e-16, 7.43851e-16
222, -4.00134e-16, 7.43842e-16
223, -4.00122e-16, 7.43831e-16
224, -4.00107e-16, 7.43819e-16
225, -4.00089e-16, 7.43805e-16
226, -4.00065e-16, 7.43787e-16
227, -4.00033e-16, 7.43765e-16
228, -3.99986e-16, 7.43735e-16
229, -3.9991e-16, 7.43689e-16
230, -3.99758e-16, 7.43607e-16
231, -3.99212e-16, 7.43334e-16
232, -4.02921e-16, 7.45057e-16
233, -4.02771e-16, 7.4497e-16
234, -4.02762e-16, 7.44944e-16
235, -4.02782e-16, 7.44926e-16
236, -4.02823e-16, 7.44907e-16
237, -4.02888e-16, 7.44882e-16
238, -4.03001e-16, 7.44843e-16
239, -4.03262e-16, 7.44756e-16
240, -4.05515e-16, 7.43997e-16
241, -4.05422e-16, 7.44029e-16
242, -4.05399e-16, 7.44037e-16
243, -4.05388e-16, 7.44042e-16
244, -4.05381e-16, 7.44045e-16
245, -4.05376e-16, 7.44049e-16
246, -4.05371e-16, 7.44052e-16
247, -4.05367e-16, 7.44055e-16
248, -4.05363e-16, 7.44059e-16
249, -4.0536e-16, 7.44062e-16
250, -4.05357e-16, 7.44066e-16
251, -4.05354e-16, 7.4407e-16
252, -4.05351e-16, 7.44075e-16
253, -4.05348e-16, 7.4408e-16
254, -4.05344e-16, 7.44085e-16
255, -4.05341e-16, 7.44092e-16
256, -4.05338e-16, 7.44099e-16
257, -4.05333e-16, 7.44108e-16
258, -4.05328e-16, 7.4412e-16
259, -4.05321e-16, 7.44135e-16
260, -4.05307e-16, 7.44158e-16
261, -4.05273e-16, 7.44202e-16
262, -4.05059e-16, 7.44348e-16
263, -4.18304e-16, 7.41017e-16
264, -4.18262e-16, 7.41028e-16
265, -4.1825e-16, 7.41031e-16
266, -4.18242e-16, 7.41033e-16
267, -4.18236e-16, 7.41034e-16
268, -4.1823e-16, 7.41036e-16
269, -4.18225e-16, 7.41037e-16
270, -4.18219e-16, 7.41038e-16
271, -4.18214e-16, 7.41039e-16
272, -4.18209e-16, 7.4104e-16
273, -4.18203e-16, 7.41042e-16
274, -4.18197e-16, 7.41043e-16
275, -4.18191e-16, 7.41044e-16
276, -4.18184e-16, 7.41045e-16
277, -4.18177e-16, 7.41046e-16
278, -4.18169e-16, 7.41048e-16
279, -4.1816e-16, 7.41049e-16
280, -4.18151e-16, 7.41051e-16
281, -4.1814e-16, 7.41052e-16
282, -4.18128e-16, 7.41054e-16
283, -4.18114e-16, 7.41057e-16
284, -4.18098e-16, 7.41059e-16
285, -4.18078e-16, 7.41063e-16
286, -4.18053e-16, 7.41068e-16
287, -4.18022e-16, 7.41075e-16
288, -4.17979e-16, 7.41085e-16
289, -4.17914e-16, 7.41103e-16
290, -4.17802e-16, 7.41137e-16
291, -4.17532e-16, 7.41229e-16
292, -4.14274e-16, 7.42418e-16
293, -4.14335e-16, 7.42379e-16
294, -4.14369e-16, 7.42344e-16
295, -4.14406e-16, 7.423e-16
296, -4.14457e-16, 7.42235e-16
297, -4.14545e-16, 7.42119e-16
298, -4.14777e-16, 7.41807e-16
299, -4.35569e-16, 7.11683e-16
300, -4.35567e-16, 7.11688e-16
301, -4.35565e-16, 7.11694e-16
302, -4.35563e-16, 7.11699e-16
303, -4.3556e-16, 7.11705e-16
304, -4.35558e-16, 7.11711e-16
305, -4.35555e-16, 7.11718e-16
306, -4.35551e-16, 7.11725e-16
307, -4.35548e-16, 7.11733e-16
308, -4.35544e-16, 7.11742e-16
309, -4.3554e-16, 7.11751e-16
310, -4.35535e-16, 7.11761e-16
311, -4.35529e-16, 7.11773e-16
312, -4.35522e-16, 7.11787e-16
313, -4.35514e-16, 7.11803e-16
314, -4.35504e-16, 7.11822e-16
315, -4.35491e-16, 7.11846e-16
316, -4.35473e-16, 7.11877e-16
317, -4.35448e-16, 7.1192e-16
318, -4.35406e-16, 7.11987e-16
319, -4.35326e-16, 7.1211e-16
320, -4.35069e-16, 7.12484e-16
321, -4.9372e-16, 6.17967e-16
322, -4.93744e-16, 6.17949e-16
323, -4.93777e-16, 6.17924e-16
324, -4.93823e-16, 6.17887e-16
325, -4.93896e-16, 6.17829e-16
326, -4.94038e-16, 6.17715e-16
327, -4.94556e-16, 6.17292e-16
328, -4.92508e-16, 6.18928e-16
329, -4.96263e-16, 6.16137e-16
330, -4.96198e-16, 6.16186e-16
331, -4.96179e-16, 6.16203e-16
332, -4.96166e-16, 6.16214e-16
333, -4.96156e-16, 6.16223e-16
334, -4.96146e-16, 6.16233e-16
335, -4.96137e-16, 6.16242e-16
336, -4.96126e-16, 6.16252e-16
337, -4.96116e-16, 6.16263e-16
338, -4.96104e-16, 6.16274e-16
339, -4.96091e-16, 6.16287e-16
340, -4.96076e-16, 6.16301e-16
341, -4.9606e-16, 6.16317e-16
342, -4.9604e-16, 6.16336e-16
343, -4.96016e-16, 6.16359e-16
344, -4.95986e-16, 6.16387e-16
345, -4.95947e-16, 6.16424e-16
346, -4.95892e-16, 6.16476e-16
347, -4.95801e-16, 6.16561e-16
348, -4.95601e-16, 6.16746e-16
349, -4.94018e-16, 6.18186e-16
350, -4.94103e-16, 6.18109e-16
351, -4.9412e-16, 6.18094e-16
352, -4.94127e-16, 6.18088e-16
353, -4.94131e-16, 6.18085e-16
354, -4.94133e-16, 6.18084e-16
355, -4.94135e-16, 6.18084e-16
356, -4.94136e-16, 6.18084e-16
357, -4.94136e-16, 6.18084e-16
358, -4.94137e-16, 6.18084e-16
359, -4.94137e-16, 6.18085e-16
360, -4.94137e-16, 6.18085e-16
361, -4.94137e-16, 6.18086e-16
362, -4.94137e-16, 6.18087e-16
363, -4.94137e-16, 6.18088e-16
364, -4.94137e-16, 6.18088e-16
365, -4.94137e-16, 6.18089e-16
366, -4.94137e-16, 6.1809e-16
367, -4.94136e-16, 6.18091e-16
368, -4.94136e-16, 6.18092e-16
369, -4.94136e-16, 6.18093e-16
370, -4.94136e-16, 6.18094e-16
371, -4.94136e-16, 6.18095e-16
372, -4.94135e-16, 6.18096e-16
373, -4.94135e-16, 6.18097e-16
374, -4.94135e-16, 6.18098e-16
375, -4.94135e-16, 6.18099e-16
376, -4.94135e-16, 6.181e-16
377, -4.94134e-16, 6.18102e-16
378, -4.94134e-16, 6.18103e-16
379, -4.94134e-16, 6.18104e-16
380, -4.94134e-16, 6.18105e-16
381, -4.94133e-16, 6.18106e-16
382, -4.94133e-16, 6.18107e-16
383, -4.94133e-16, 6.18108e-16
384, -4.94133e-16, 6.18109e-16
385, -4.94132e-16, 6.18111e-16
386, -4.94132e-16, 6.18112e-16
387, -4.94132e-16, 6.18113e-16
388, -4.94132e-16, 6.18114e-16
389, -4.94131e-16, 6.18115e-16
390, -4.94131e-16, 6.18116e-16
391, -4.94131e-16, 6.18118e-16
392, -4.94131e-16, 6.18119e-16
393, -4.9413e-16, 6.1812e-16
394, -4.9413e-16, 6.18121e-16
395, -4.9413e-16, 6.18123e-16
396, -4.9413e-16, 6.18124e-16
397, -4.94129e-16, 6.18125e-16
398, -4.94129e-16, 6.18126e-16
399, -4.94129e-16, 6.18128e-16
400, -4.94129e-16, 6.18129e-16
401, -4.94128e-16, 6.1813e-16
402, -4.94128e-16, 6.18131e-16
403, -4.94128e-16, 6.18133e-16
404, -4.94128e-16, 6.18134e-16
405, -4.94128e-16, 6.18135e-16
406, -4.94127e-16, 6.18137e-16
407, -4.94127e-16, 6.18138e-16
408, -4.94127e-16, 6.18139e-16
409, -4.94127e-16, 6.18141e-16
410, -4.94127e-16, 6.18142e-16
411, -4.94126e-16, 6.18144e-16
412, -4.94126e-16, 6.18145e-16
413, -4.94126e-16, 6.18146e-16
414, -4.94126e-16, 6.18148e-16
415, -4.94126e-16, 6.18149e-16
416, -4.94125e-16, 6.18151e-16
417, -4.94125e-16, 6.18152e-16
418, -4.94125e-16, 6.18154e-16
419, -4.94125e-16, 6.18155e-16
420, -4.94125e-16, 6.18157e-16
421, -4.94125e-16, 6.18158e-16
422, -4.94125e-16, 6.1816e-16
423, -4.94124e-16, 6.18161e-16
424, -4.94124e-16, 6.18163e-16
425, -4.94124e-16, 6.18165e-16
426, -4.94124e-16, 6.18166e-16
427, -4.94124e-16, 6.18168e-16
428, -4.94124e-16, 6.1817e-16
429, -4.94124e-16, 6.18171e-16
430, -4.94124e-16, 6.18173e-16
431, -4.94124e-16, 6.18175e-16
432, -4.94124e-16, 6.18177e-16
433, -4.94124e-16, 6.18179e-16
434, -4.94124e-16, 6.18181e-16
435, -4.94124e-16, 6.18182e-16
436, -4.94124e-16, 6.18184e-16
437, -4.94124e-16, 6.18186e-16
438, -4.94124e-16, 6.18188e-16
439, -4.94124e-16, 6.18191e-16
440, -4.94124e-16, 6.18193e-16
441, -4.94124e-16, 6.18195e-16
442, -4.94124e-16, 6.18197e-16
443, -4.94124e-16, 6.18199e-16
444, -4.94124e-16, 6.18202e-16
445, -4.94124e-16, 6.18204e-16
446, -4.94125e-16, 6.18207e-16
447, -4.94125e-16, 6.18209e-16
448, -4.94125e-16, 6.18212e-16
449, -4.94125e-16, 6.18215e-16
450, -4.94126e-16, 6.18218e-16
451, -4.94126e-16, 6.18221e-16
452, -4.94127e-16, 6.18224e-16
453, -4.94127e-16, 6.18227e-16
454, -4.94128e-16, 6.18231e-16
455, -4.94128e-16, 6.18234e-16
456, -4.94129e-16, 6.18238e-16
457, -4.9413e-16, 6.18242e-16
458, -4.9413e-16, 6.18247e-16
459, -4.94131e-16, 6.18251e-16
460, -4.94132e-16, 6.18256e-16
461, -4.94134e-16, 6.18261e-16
462, -4.94135e-16, 6.18267e-16
463, -4.94137e-16, 6.18273e-16
464, -4.94138e-16, 6.1828e-16
465, -4.9414e-16, 6.18288e-16
466, -4.94143e-16, 6.18296e-16
467, -4.94145e-16, 6.18306e-16
468, -4.94148e-16, 6.18317e-16
469, -4.94152e-16, 6.18329e-16
470, -4.94156e-16, 6.18345e-16
471, -4.94161e-16, 6.18364e-16
472, -4.94168e-16, 6.18388e-16
473, -4.94175e-16, 6.18422e-16
474, -4.94183e-16, 6.18472e-16
475, -4.94187e-16, 6.18564e-16
476, -4.94122e-16, 6.18836e-16
477, -1.49623e-15, -2.057e-15
478, -1.49604e-15, -2.05697e-15
479, -1.496e-15, -2.05696e-15
480, -1.49598e-15, -2.05696e-15
481, -1.49597e-15, -2.05696e-15
482, -1.49596e-15, -2.05696e-15
483, -1.49596e-15, -2.05696e-15
484, -1.49595e-15, -2.05696e-15
485, -1.49595e-15, -2.05696e-15
486, -1.49594e-15, -2.05696e-15
487, -1.49594e-15, -2.05696e-15
488, -1.49594e-15, -2.05696e-15
489, -1.49593e-15, -2.05696e-15
490, -1.49593e-15, -2.05696e-15
491, -1.49592e-15, -2.05696e-15
492, -1.49592e-15, -2.05696e-15
493, -1.49591e-15, -2.05697e-15
494, -1.49591e-15, -2.05697e-15
495, -1.4959e-15, -2.05697e-15
496, -1.4959e-15, -2.05697e-15
497, -1.49589e-15, -2.05697e-15
498, -1.49589e-15, -2.05697e-15
499, -1.49588e-15, -2.05698e-15
500, -1.49587e-15, -2.05698e-15
